Price,Close,High,Low,Open,Volume
Ticker,1398.HK,1398.HK,1398.HK,1398.HK,1398.HK
Date,,,,,
2008-01-28,1.9186688661575317,1.9374791247470202,1.7493743447028958,1.768184786138154,825302302
2008-02-04,1.8321402072906494,2.0014341458083966,1.7907569154195475,1.9750996062883734,1314905307
2008-02-11,1.9826240539550781,1.9939103916295022,1.7644226836060564,1.8170921375228588,2019080678
2008-02-18,1.9525271654129028,2.054103640712028,1.8998577193949235,2.008958845321979,1609629602
2008-02-25,2.084199905395508,2.1030107045622257,1.903619305202655,1.9750991718237492,1920737571
2008-03-03,1.9111441373825073,2.103011107566712,1.6865466848705937,1.997672038243146,2083643979
2008-03-10,1.8509504795074463,2.0127206673543414,1.835902094192519,1.888571168526189,2078297128
2008-03-17,1.8020436763763428,1.9149068772257722,1.70046699674221,1.7757089477960535,2333995094
2008-03-24,2.091724395751953,2.1067731475993203,1.8020431908077676,1.8020431908077676,2382371033
2008-03-31,2.2083497047424316,2.2572567331347875,2.020244961744055,2.0465795014287287,2020772748
2008-04-07,2.317450523376465,2.324974625526488,2.0981201115943393,2.0981201115943393,2296391495
2008-04-14,2.2008259296417236,2.4002168551834013,2.133108087770167,2.4002168551834013,1930425145
2008-04-21,2.317450523376465,2.3776437062681275,2.227160200501755,2.257256791947586,1806826563
2008-04-28,2.3588335514068604,2.3814060416645195,2.2911157149423893,2.336261061149201,1288344530
2008-05-05,2.2196359634399414,2.3738815109061204,2.1820147235935288,2.3663574092134203,1702447857
2008-05-12,2.2948780059814453,2.3249745970587643,2.219636071173806,2.219636071173806,1047195246
2008-05-19,2.1895389556884766,2.3212125716100878,2.101506046412273,2.27230517631185,1056879099
2008-05-26,2.1933014392852783,2.2196365333544468,2.133108244596998,2.136870296409294,1042494220
2008-06-02,2.2083497047424316,2.242208529226822,2.151918208704625,2.200825602788449,1195942661
2008-06-09,2.0240073204040527,2.2083500404486185,2.00143446257345,2.2083500404486185,1378726358
2008-06-16,2.0901758670806885,2.182559378365431,2.0670800828018163,2.0978743994787705,1137215724
2008-06-23,2.0632307529449463,2.186408577106179,2.0285866098839627,2.078628004350678,1282675778
2008-06-30,1.9669984579086304,2.094025579114453,1.836121508430227,2.094025579114453,1740904946
2008-07-07,2.1440658569335938,2.171011280184481,1.9631486711919424,1.9746964691906719,2222749123
2008-07-14,2.1363673210144043,2.1825592612630333,2.0093402336691417,2.155614212230822,1672059804
2008-07-21,2.2249019145965576,2.3095867153003047,2.163313087684062,2.232600447803877,2243964273
2008-07-28,2.2710933685302734,2.2826411658312034,2.155614085928732,2.2325999625220834,1405349200
2008-08-04,2.205655097961426,2.2672441036784328,2.171011329016765,2.2326001476491504,846160194
2008-08-11,2.0093400478363037,2.2325998868540267,1.990093532569124,2.205654840313815,573584181
2008-08-18,1.9708476066589355,2.0362857033019397,1.9477514446794262,1.966998339871345,1088888710
2008-08-25,2.08247709274292,2.1132714058422275,2.001641389446695,2.0054906551985328,1827359316
2008-09-01,1.9592995643615723,2.0824773959470386,1.909258166878738,2.0593816109887113,1763766319
2008-09-08,1.847669005393982,2.0978742884428474,1.83997028631875,2.0786279584663094,2958899934
2008-09-15,1.7976281642913818,1.8630664342226608,1.3280121026750527,1.847668996149237,3395562940
2008-09-22,1.824573040008545,1.8861620381173665,1.7706829472902237,1.8476688207570537,2323363541
2008-09-29,1.6783000230789185,1.8399707305955606,1.5859164943770339,1.832272196746068,1844519200
2008-10-06,1.4434915781021118,1.6906175886129724,1.4049986302455233,1.6906175886129724,2880845465
2008-10-13,1.3896013498306274,1.7706833060744358,1.3896013498306274,1.5012312912084034,4407158817
2008-10-20,1.2125327587127686,1.5204775774135697,1.2009848677669677,1.4049982937863452,3081057088
2008-10-27,1.3626559972763062,1.424245104725953,1.004670274880441,1.2009851163965508,3746575525
2008-11-03,1.431943416595459,1.6090118977529642,1.3241627524589523,1.347643462162413,2921077211
2008-11-10,1.4434915781021118,1.58976567796348,1.3549574145084207,1.3703549491118956,2505301313
2008-11-17,1.2895194292068481,1.4704371190025587,1.2009851709242352,1.4434915967965805,2569368345
2008-11-24,1.4627379179000854,1.5243270197314758,1.24717657597295,1.3353258955349625,2720425653
2008-12-01,1.5666700601577759,1.5666700601577759,1.4357932001034222,1.4434917343828317,1892664223
2008-12-08,1.6436560153961182,1.7398888193938609,1.5974644341117188,1.6167109574943317,2375029090
2008-12-15,1.6859983205795288,1.73218989137052,1.585916272057988,1.6859983205795288,1578411040
2008-12-22,1.5936146974563599,1.7129432569483323,1.5397242233567527,1.7090939908225384,509637852
2008-12-29,1.6552035808563232,1.6552035808563232,1.5589707079327357,1.57821750701901,675404079
2009-01-05,1.4049986600875854,1.7629847758735608,1.3896014993263808,1.6859985043558965,2649147898
2009-01-12,1.3241629600524902,1.4049985877556328,1.2356287991362442,1.3703549076696975,2830815824
2009-01-19,1.2471767663955688,1.354957453815409,1.2163823510915637,1.3511081869807817,1814657438
2009-01-26,1.2895194292068481,1.347258804968343,1.2456371332004954,1.2510260131401054,864190621
2009-02-02,1.4049986600875854,1.4165465540440711,1.174040126161577,1.1971359140745481,1553173510
2009-02-09,1.3742042779922485,1.4319436516872803,1.3203137032206451,1.4319436516872803,1295963713
2009-02-16,1.2548750638961792,1.4323282762789558,1.2048341404823353,1.3857518791906505,1520797543
2009-02-23,1.2240809202194214,1.2856700285319607,1.2240809202194214,1.2510259738679037,1778671140
2009-03-02,1.193286418914795,1.2587245084560568,1.1509438340502824,1.193286418914795,2324601371
2009-03-09,1.2895194292068481,1.2895194292068481,1.2048344376970477,1.216382331557812,1997546361
2009-03-16,1.274121880531311,1.3780532754248713,1.2702722404789921,1.3010670223398986,2008568955
2009-03-23,1.6167105436325073,1.6513541271850547,1.181738590446046,1.181738590446046,2796209980
2009-03-30,1.5666700601577759,1.6090123728638739,1.5012315833594307,1.5782178615768903,2756486141
2009-04-06,1.6783000230789185,1.6821492900036648,1.5820672274522876,1.6128615499349204,2337043555
2009-04-13,1.7206419706344604,1.7514364770572106,1.6782998517013046,1.6782998517013046,1916386141
2009-04-20,1.6475046873092651,1.7591347070911287,1.6244089050130155,1.716792408367236,2435604451
2009-04-27,1.7167928218841553,1.7283408093561023,1.539724491347808,1.6321080169540734,3016787217
2009-05-04,1.847669005393982,1.8746144286149862,1.7321897159424353,1.755285498998898,2795200414
2009-05-11,1.7899296283721924,1.8746146110165822,1.7013955664425933,1.824573399870063,2710514364
2009-05-18,1.8399708271026611,1.8861627809610493,1.7514367477665425,1.7706836446537668,1519067903
2009-05-25,1.8784637451171875,1.8861622773147957,1.7629844525607097,1.8476690550728883,1782676037
2009-06-01,1.95729398727417,2.060938834590432,1.9014848805556999,1.949321202387354,3035685183
2009-06-08,2.0808703899383545,2.1127609464701234,1.869594217793498,1.9413485027876551,2896548287
2009-06-15,2.068911552429199,2.14465214164138,2.0131026360377082,2.0609389607987763,2219615099
2009-06-22,2.1725564002990723,2.184515481457449,2.037020986730878,2.0728978427167433,2040546615
2009-06-29,2.128706693649292,2.2124194765919016,2.0728975904537266,2.1566109546301617,1151390694
2009-07-06,2.0170888900756836,2.1446520972221,2.0051298091331087,2.0928294777191523,1400465329
2009-07-13,2.104787826538086,2.11276041523022,1.9493206033404222,1.9971565229823487,1635697809
2009-07-20,2.1566107273101807,2.1685696120080387,2.072897371957646,2.1167470033389684,1730180697
2009-07-27,2.2243781089782715,2.296132385271941,2.1566107087834023,2.168569593378525,1985471547
2009-08-03,2.0370209217071533,2.2323517348320774,2.0330346260298184,2.204447083856855,2726725459
2009-08-10,2.1566107273101807,2.1645833171087525,2.064924782159074,2.072897371957646,1906863510
2009-08-17,2.0888423919677734,2.140664991870954,2.056951844423243,2.11276035106231,2172500063
2009-08-24,2.096815586090088,2.128706724080148,2.056952438580958,2.1207335520934105,1459370147
2009-08-31,2.244310140609741,2.248296435432283,2.0569521527598638,2.07289733205003,2526162280
2009-09-07,2.375859498977661,2.3997774624554853,2.2522829991438202,2.264241884010437,2222839832
2009-09-14,2.4555864334106445,2.539299598470344,2.3160641687368186,2.320050463800472,1742393514
2009-09-21,2.3599138259887695,2.4635586441500346,2.3120775176133352,2.423694924674128,1210332534
2009-09-28,2.268228530883789,2.387818754316628,2.2522833485877234,2.332010228791156,1099898446
2009-10-05,2.435654640197754,2.451600013384197,2.2482964568209054,2.252282945425956,1214573649
2009-10-12,2.4515998363494873,2.5432855802422902,2.4077498210725303,2.467545014639912,1483015503
2009-10-19,2.5951082706451416,2.599094759689643,2.423695441559018,2.423695441559018,1592196652
2009-10-26,2.507408618927002,2.5951080777282454,2.3957910026152236,2.5951080777282454,1476076346
2009-11-02,2.57517671585083,2.59510819174431,2.4197090726910706,2.431668539460963,1210951164
2009-11-09,2.710712432861328,2.734630788032545,2.575177024337349,2.5911222069622437,1310576662
2009-11-16,2.6907804012298584,2.8183433951380303,2.6708489256124555,2.730643739953863,1375079777
2009-11-23,2.4954493045806885,2.798411377396248,2.475517831444594,2.726657105383433,2325127506
2009-11-30,2.6867940425872803,2.730643675398106,2.5871355043887205,2.59112179941796,1512618684
2009-12-07,2.571190595626831,2.694767110787286,2.5233542752490874,2.6549037687986528,1374599922
2009-12-14,2.471531867980957,2.60706746404828,2.4555866860856166,2.5313272688115642,1224554165
2009-12-21,2.5552451610565186,2.571190536232558,2.4316686487506702,2.467545500715996,657223822
2009-12-28,2.5672032833099365,2.591121242085379,2.5113943899263167,2.583148653741749,615777651
2010-01-04,2.535313129425049,2.5990944273004044,2.511394779450698,2.5672036814904353,1113971050
2010-01-11,2.3519415855407715,2.591121806641688,2.3200504502395676,2.5672038426549744,3288391794
2010-01-18,2.332009792327881,2.415722564948251,2.2283649643340864,2.308091442126522,2247391224
2010-01-25,2.272214412689209,2.3399823938300925,2.2124192149891413,2.3280231217965763,1802210689
2010-02-01,2.1964738368988037,2.3439686833922986,2.1924875420596783,2.2443101499466502,1642260046
2010-02-08,2.2243781089782715,2.256269242876945,2.144651630443693,2.1964738511783986,1546925346
2010-02-15,2.1845149993896484,2.292146124829644,2.176542215795247,2.224378142383297,660885056
2010-02-22,2.1885011196136475,2.252282802043605,2.1486377860575696,2.228364840658873,1374475862
2010-03-01,2.312077760696411,2.363900368970042,2.212419226507191,2.2164055213760587,2252525399
2010-03-08,2.332009792327881,2.3878183074081276,2.2961323638981352,2.3479549716396173,1403277018
2010-03-15,2.3559277057647705,2.3798456679767046,2.2921460211289246,2.3041050991071823,1077005850
2010-03-22,2.272214412689209,2.3200503383557605,2.232351270463473,2.3200503383557605,1500872636
2010-03-29,2.411736488342285,2.411736488342285,2.280187390905366,2.2921462764712484,1201511183
2010-04-05,2.511395215988159,2.519367806954177,2.4117366664452344,2.4117366664452344,1413860558
2010-04-12,2.407750129699707,2.5273403384190587,2.399777539532562,2.523354043335486,1246024531
2010-04-19,2.3280231952667236,2.403763768494136,2.3120778216264575,2.355927841317929,1443353786
2010-04-26,2.300118923187256,2.367886911776831,2.252283186007444,2.3519417306317627,1355015783
2010-05-03,2.2164053916931152,2.30011854776418,2.1885011354991435,2.2642417022989525,1576919039
2010-05-10,2.280186891555786,2.3080911455098874,2.152624117243107,2.2841731858714347,1196532638
2010-05-17,2.1805286407470703,2.2961323526587987,2.1526243833435355,2.2363375430433075,1090629811
2010-05-24,2.366086959838867,2.3866258713625528,2.2182068367977816,2.3167936520409254,2067887799
2010-05-31,2.3373324871063232,2.3743025665690527,2.292146523867259,2.366086882439972,924962965
2010-06-07,2.345547914505005,2.378410048482664,2.2674996225868496,2.2674996225868496,933018641
2010-06-14,2.3825173377990723,2.3948405608326224,2.3496552100624117,2.378409596787889,751772931
2010-06-21,2.4112727642059326,2.4769972367815845,2.3989491386050803,2.4235961901595378,1377235655
2010-06-28,2.3085780143737793,2.4359194171035448,2.2921464470192596,2.4071650227339343,1039552422
2010-07-05,2.3496551513671875,2.3578706331843287,2.283930298594116,2.283930298594116,1129183232
2010-07-12,2.3373324871063232,2.444134983253598,2.3373324871063232,2.3743025665690527,1282879084
2010-07-19,2.4153802394866943,2.4153802394866943,2.316793242043019,2.320901183338591,605127979
2010-07-26,2.4400269985198975,2.448242681832494,2.3948410397714683,2.4235960311891724,548241198
2010-08-02,2.4564578533172607,2.5057515476338494,2.435918947116821,2.4728890182070544,705859054
2010-08-09,2.341439723968506,2.4728890444836145,2.3250087585513275,2.4564578794192258,716794594
2010-08-16,2.3209009170532227,2.3701940108250357,2.304469752697817,2.325008658230274,356886142
2010-08-23,2.3209009170532227,2.3496553049397813,2.275714965516855,2.308577493874868,657747220
2010-08-30,2.3743019104003906,2.3784096515060775,2.308577453767805,2.353763005224758,976154924
2010-09-06,2.3743019104003906,2.4235956022574268,2.353763005224758,2.3825173926117644,1015035251
2010-09-13,2.444134473800659,2.4605656389866715,2.38662529582601,2.398948719627322,1664131405
2010-09-20,2.423595905303955,2.452350296286412,2.3866254321411904,2.4277036469232742,810657118
2010-09-27,2.3743019104003906,2.45645773075012,2.3619784874361316,2.444134307785861,1560963600
2010-10-04,2.4400269985198975,2.4523504236651754,2.3537634217974213,2.3825178142734242,2254111320
2010-10-11,2.620769739151001,2.624877680480242,2.4235959422948063,2.45645807539815,3133734953
2010-10-18,2.5714757442474365,2.645416084244882,2.538613614928487,2.628985119409009,2251163734
2010-10-25,2.563260793685913,2.600230871532034,2.5262909154870368,2.563260793685913,1384512039
2010-11-01,2.7686498165130615,2.8015119470007726,2.579691518060868,2.604338165838454,2433184854
2010-11-08,2.7152488231658936,2.8343747219044206,2.698817258540386,2.7932965091059,1853672393
2010-11-15,2.555044651031494,2.7275719692586384,2.5057513597062453,2.7193562876063013,1999479809
2010-11-22,2.4786481857299805,2.574947024015004,2.461900579041039,2.5581994173260627,1435702776
2010-11-29,2.503769874572754,2.545638895957467,2.4577138512259484,2.470274657464983,1506360518
2010-12-06,2.440965175628662,2.5247033814400153,2.424217574395822,2.5079555805600204,1242888711
2010-12-13,2.407470703125,2.495395736080473,2.386536095412853,2.4535267203033944,1240314852
2010-12-20,2.3781626224517822,2.4200318436893795,2.3614150138156407,2.4074710373886514,924712268
2010-12-27,2.4242186546325684,2.4284056566300922,2.3362936091570043,2.3781626308960244,766992529
2011-01-03,2.4577133655548096,2.499582378665746,2.42421815506606,2.4367789588229427,1135351983
2011-01-10,2.5456383228302,2.566572928632942,2.4200312869553398,2.4619002989136267,1723927889
2011-01-17,2.4660873413085938,2.5456385716278667,2.4577135380985236,2.53307796663637,1045252842
2011-01-24,2.428405523300171,2.474461344860808,2.420031719412125,2.453526934964309,970605607
2011-01-31,2.4577133655548096,2.478647971933879,2.386535943442616,2.386535943442616,515617695
2011-02-07,2.3781626224517822,2.466087667615147,2.3530412094975697,2.461900865279733,1261812551
2011-02-14,2.482835292816162,2.4953960992006925,2.378162638318305,2.399097249076774,1347401646
2011-02-21,2.4577133655548096,2.499582378665746,2.3949097460648034,2.4660871681769967,1225036760
2011-02-28,2.5833206176757812,2.5875074191845715,2.457713378056824,2.474460983386391,1735323887
2011-03-07,2.5540125370025635,2.6293769703256036,2.533078127471786,2.5623863407443204,1519740109
2011-03-14,2.491208553314209,2.595881184960137,2.4702741467733436,2.554012172231206,1605826030
2011-03-21,2.6670584678649902,2.679619270854716,2.4870216226601864,2.4912084238919685,1422394125
2011-03-28,2.746610403060913,2.754984207352519,2.608442532425793,2.679619968728065,1685557425
2011-04-04,2.775918483734131,2.8052266954029452,2.754983875701648,2.746610072418098,1315105819
2011-04-11,2.738236427307129,2.7968530536779297,2.687993604703585,2.7968530536779297,1064410955
2011-04-18,2.805227041244507,2.805227041244507,2.6796199765058346,2.742423608698792,929709630
2011-04-25,2.7507972717285156,2.8261615067008683,2.7173018565380147,2.8052268971627092,780558915
2011-05-02,2.708927869796753,2.7968529044864163,2.6628720513571915,2.750797086046855,890820114
2011-05-09,2.6796200275421143,2.738236658869912,2.6293772006897163,2.721489049919113,707381883
2011-05-16,2.6796200275421143,2.687993832017514,2.616816394152993,2.671246223066715,662760164
2011-05-23,2.654498338699341,2.6712459459124975,2.570760102986329,2.6377507314861837,1085510934
2011-05-30,2.633563280105591,2.7466097093122133,2.6251894779290703,2.654497885370488,1106966047
2011-06-06,2.4325921535491943,2.6335636323101763,2.403283742188161,2.6335636323101763,1735588638
2011-06-13,2.5058963298797607,2.5792186313358387,2.475704733496839,2.480017906835867,1268195305
2011-06-20,2.5404012203216553,2.5533405363377204,2.449826625199554,2.5317750781987622,1386525142
2011-06-27,2.54902720451355,2.56627948769043,2.49727035498291,2.5102096701972894,941975072
2011-07-04,2.5317747592926025,2.613723201969462,2.475704739724737,2.613723201969462,1190233086
2011-07-11,2.4153220653533936,2.5188359768620776,2.3721913545845466,2.5188359768620776,1266939826
2011-07-18,2.5317747592926025,2.536087932642481,2.402382643747634,2.4066956114340874,1031585755
2011-07-25,2.5576534271240234,2.6050973101951023,2.510209749716389,2.5231488596772182,1197505841
2011-08-01,2.3549387454986572,2.6137231800852674,2.320434181642232,2.5921579305067133,1938385870
2011-08-08,2.10909366607666,2.320434452897847,2.0961545559496484,2.2902428531624066,2570846000
2011-08-15,2.091841459274292,2.2773038270174606,2.074589174693084,2.169476945553183,1643414281
2011-08-22,2.122032880783081,2.199668154837302,2.0185189763806823,2.091841282485832,1931313612
2011-08-29,2.208294630050659,2.2729908043691895,2.130659344266504,2.1694770899903157,1758028147
2011-09-05,2.13497257232666,2.195355785382737,2.057337277107625,2.1737903227679247,1456268991
2011-09-12,2.0573365688323975,2.078902024022913,1.9624490184536607,2.0616497421358697,1555199677
2011-09-19,1.7079777717590332,2.0400845492864312,1.6864124166270704,2.035771375428314,2576198401
2011-09-26,1.6475944519042969,1.8244305457524672,1.58289839525134,1.6907252591713122,2719947211
2011-10-03,1.7252298593521118,1.7338560004223353,1.4923238447926508,1.6001507110021578,2036010240
2011-10-10,1.8330572843551636,1.9193187213535405,1.660534204694921,1.7295435599571112,1884659766
2011-10-17,1.7899266481399536,1.8761880891038198,1.720917392537112,1.863248975790989,1773878602
2011-10-24,2.165163516998291,2.221233538126285,1.8330567693636495,1.8503090519163505,2615252437
2011-10-31,2.147911548614502,2.1910422613048612,1.9883278088284422,2.178103150329484,1957727211
2011-11-07,2.0875284671783447,2.2514251688326117,2.0314584400964746,2.1651637469093132,2026628807
2011-11-14,1.9150054454803467,2.139285351401642,1.9063793031627376,2.130659209084033,1649157643
2011-11-21,1.7985525131225586,1.889127114910275,1.7856131961542565,1.876187797941973,1333804477
2011-11-28,2.0745890140533447,2.0875283293190603,1.8330568429553158,1.8373700165983673,1969904053
2011-12-05,2.0271451473236084,2.126345879551309,2.005579895938811,2.078902203106691,1190273300
2011-12-12,2.005579948425293,2.0875283994243894,1.9451969550388075,2.070276115599679,1046060990
2011-12-19,2.0961544513702393,2.113406734454485,1.9408836979485895,1.9710752961777385,1031535613
2011-12-26,1.9883277416229248,2.0961546225360026,1.9840145676679437,2.0961546225360026,670774311
2012-01-02,2.031458616256714,2.078902505260405,1.9883279015549358,1.9883279015549358,716623018
2012-01-09,2.221233367919922,2.225546335395892,1.9926403331178761,2.022831928103328,1693835785
2012-01-16,2.3161213397979736,2.376504540851825,2.1824160328875073,2.199668317284764,1892227475
2012-01-23,2.411008834838867,2.4153218026148617,2.316121075805836,2.316121075805836,738354650
2012-01-30,2.3851308822631836,2.4196354539396148,2.3031824216999257,2.4153222796483256,1915852394
2012-02-06,2.2988688945770264,2.423948050538608,2.2729904697915377,2.4153219089434455,1831534517
2012-02-13,2.3937571048736572,2.4368878209050746,2.290243180734778,2.307495467147345,1513441692
2012-02-20,2.3894436359405518,2.4541398048456324,2.3765045255576065,2.4368875205594045,1118319220
2012-02-27,2.423948287963867,2.467079000164327,2.350625974391357,2.376504607375091,1402258300
2012-03-05,2.2859299182891846,2.419635223641152,2.2126076076237786,2.419635223641152,1776869962
2012-03-12,2.277303695678711,2.359251939881527,2.2686775538856017,2.2945559792649295,1046738563
2012-03-19,2.165163516998291,2.29455584180698,2.1565373757219404,2.29455584180698,1314269244
2012-03-26,2.1608505249023438,2.1867289484405035,2.109093472162596,2.1565373514809365,1410471841
2012-04-02,2.1694767475128174,2.208294281445355,2.152224258843045,2.186729030519153,668741195
2012-04-09,2.2471120357513428,2.255738177310979,2.122032880304898,2.1694767617146162,1286086683
2012-04-16,2.277303695678711,2.2988689473297623,2.2039813876055607,2.2255466392566126,5096170993
2012-04-23,2.203981637954712,2.2773039543565066,2.191042320963556,2.268677811583558,1197551078
2012-04-30,2.208294630050659,2.2686778357684707,2.195355518585034,2.2126078043148465,1071493204
2012-05-07,2.10909366607666,2.1824159756745525,2.0918413821316793,2.16085072357505,1333915633
2012-05-14,2.0012669563293457,2.122033159729941,1.9408839574607804,2.117719985550454,1851933484
2012-05-21,1.9926403760910034,2.044397220899321,1.9581358128854582,2.009892657693776,1267479348
2012-05-28,2.0271451473236084,2.057336746058453,1.9753882972039665,1.9840144388905734,2316885928
2012-06-04,1.8373699188232422,2.044397306750272,1.8158044630824626,1.9883274920184153,1855733319
2012-06-11,2.001643657684326,2.010660061841858,1.8934465928259139,1.952053327333886,1672563963
2012-06-18,1.9430371522903442,2.037709514591772,1.9340207470696396,2.037709514591772,1324728243
2012-06-25,1.9340205192565918,1.9430369234152318,1.8663973805827743,1.9340205192565918,1585594233
2012-07-02,1.9204961061477661,1.9700862237477579,1.888938582701192,1.9340206055048397,1262181500
2012-07-09,1.8122988939285278,1.9295123589681757,1.7897578842993696,1.9024629324451612,1722895358
2012-07-16,1.9024631977081299,1.9069715077465734,1.7942663364021378,1.8303319568374685,1488983279
2012-07-23,1.9114794731140137,1.9295124970761073,1.830331832640772,1.8618893558643859,1188098344
2012-07-30,2.0286927223205566,2.0512338385557696,1.9385286873157384,1.9520531850824532,1520768989
2012-08-06,2.033201217651367,2.0737749296331924,2.0196765036787347,2.069266834954339,1037847443
2012-08-13,2.0241847038269043,2.055742228095314,1.9926273945265414,2.0512341331815684,937120443
2012-08-20,1.9791030883789062,2.024185121662508,1.970086681722186,2.015168715005788,805072600
2012-08-27,1.8934465646743774,1.997135318428376,1.8799220661231764,1.997135318428376,1120403706
2012-09-03,1.9610697031021118,1.9745944166266356,1.8258236426970174,1.8709056628320488,1668145583
2012-09-10,1.9971354007720947,2.006151805167326,1.8754138339524509,1.9565616884775718,1505945613
2012-09-17,2.06475830078125,2.078283013283176,1.988118764862363,2.0196762840548494,1524729123
2012-09-24,2.06475830078125,2.0692666099378965,1.9926270740190093,2.05574189743597,1095548125
2012-10-01,2.0872995853424072,2.0963159894164725,2.0557420635991637,2.064758467673229,581953464
2012-10-08,2.236070156097412,2.2541029626007774,2.046725472844065,2.0918074891024787,1715997604
2012-10-15,2.299185276031494,2.3127099901411077,2.190988423026736,2.2270540406949886,1685832447
2012-10-22,2.294677495956421,2.344267619566118,2.281152779992279,2.2991855912990897,1130981550
2012-10-29,2.3668081760406494,2.3758245795411312,2.24959471556637,2.299185042303028,1434344227
2012-11-05,2.2811527252197266,2.375825089791349,2.2631199143458995,2.353283968715034,1155913556
2012-11-12,2.2631194591522217,2.3082014772691943,2.2360702482820383,2.276644172071323,962314555
2012-11-19,2.362300395965576,2.366808706209694,2.2631199352436897,2.2631199352436897,1001737612
2012-11-26,2.3577916622161865,2.3713163743180794,2.308201337799921,2.3668080652947796,1007547473
2012-12-03,2.393857717514038,2.4118905270081967,2.290168955438603,2.344267383921079,1427192039
2012-12-10,2.4704973697662354,2.4885301800225683,2.398366128740903,2.4163989389972365,1549362858
2012-12-17,2.4704973697662354,2.5291041105833454,2.456972654589958,2.4704973697662354,1479343173
2012-12-24,2.4930384159088135,2.5200876304886646,2.4704972962749134,2.488530105994814,502029332
2012-12-31,2.6102514266967773,2.61926783068491,2.470497057396704,2.475005151906757,1066925683
2013-01-07,2.596727132797241,2.6147599421943295,2.5381203947726823,2.5922188229639467,1058939301
2013-01-14,2.67787504196167,2.6823831372761973,2.5832026757078683,2.6282847036934722,1149040462
2013-01-21,2.6643500328063965,2.7049239610113402,2.632792724174145,2.6823828420156954,940321430
2013-01-28,2.6463170051574707,2.691399024459433,2.605743295269717,2.668858122292464,3123500624
2013-02-04,2.5381205081939697,2.68238298981735,2.5020548877881246,2.659842084547724,1329003778
2013-02-11,2.5922183990478516,2.6057431113679383,2.5381199797035228,2.5381199797035228,370601374
2013-02-18,2.4750053882598877,2.601235271116225,2.4659889834107243,2.5922188662670615,1031948506
2013-02-25,2.488529920578003,2.5245955373306064,2.411890377494704,2.47500520681176,1110752887
2013-03-04,2.506563425064087,2.524596238448368,2.4073829514505407,2.497547018371946,1342847858
2013-03-11,2.4389395713806152,2.54262832623427,2.389349456209586,2.4930382110632405,1337919450
2013-03-18,2.3983654975891113,2.4434475113662004,2.3397587721948967,2.3893490948336935,1533858877
2013-03-25,2.4524645805358887,2.47500548606553,2.3893497440976135,2.4299234600381907,1127066489
2013-04-01,2.3442671298980713,2.4524641901069173,2.3352507261280024,2.4524641901069173,874816020
2013-04-08,2.3668081760406494,2.393857386542095,2.330742562038722,2.3622998668064006,1210720311
2013-04-15,2.37131667137146,2.3758247659914797,2.2676279154946086,2.3623000521953545,1371956419
2013-04-22,2.4389395713806152,2.461480689162378,2.3082016041696636,2.375824742546922,1282626974
2013-04-29,2.447955846786499,2.4795133670280705,2.420906635851446,2.4344313488029825,862765443
2013-05-06,2.542628288269043,2.547136597745292,2.4569723429325574,2.465988746917028,1064505791
2013-05-13,2.506563425064087,2.5336126451405083,2.443448578219103,2.5291045492784843,917629715
2013-05-20,2.4299228191375732,2.5696771704456562,2.4118900134828527,2.5471362708612557,3575586912
2013-05-27,2.465989112854004,2.4840221384669583,2.3983661804196776,2.4163989910645727,1780932311
2013-06-03,2.362300395965576,2.47951388269587,2.348775895169351,2.4344318550950126,1338055877
2013-06-10,2.285660743713379,2.407382309060953,2.263119625513888,2.407382309060953,1788968587
2013-06-17,2.082791328430176,2.181971990718109,2.001643689713896,2.1684472767813783,2470750565
2013-06-24,2.313575029373169,2.318306375070661,2.077013158970101,2.1527131109091093,3392482768
2013-07-01,2.28045654296875,2.3277688725732917,2.1527131402349955,2.3135750608904377,1493934787
2013-07-08,2.3183064460754395,2.3656187764845327,2.2000255072512127,2.223681559654266,1616953924
2013-07-15,2.327768564224243,2.3561559582266174,2.285187360419205,2.327768564224243,891125126
2013-07-22,2.4176623821258545,2.455512245347687,2.2757251694410017,2.341962430079209,1459592577
2013-07-29,2.4082000255584717,2.4460498904972074,2.3798126268544197,2.398737559323788,843981900
2013-08-05,2.3514246940612793,2.4271246396105792,2.3183061793862367,2.4271246396105792,751231549
2013-08-12,2.512286901473999,2.5548681080490905,2.318306250370526,2.3419623007766015,1450482553
2013-08-19,2.4318556785583496,2.517018086273207,2.365618425804646,2.4933618117739793,1083583648
2013-08-26,2.4082000255584717,2.469705943282422,2.370350160619736,2.4365874242625236,1080553785
2013-09-02,2.498093605041504,2.517018537794599,2.4318561148026765,2.450781047555772,1704320593
2013-09-09,2.5832555294036865,2.621105390909489,2.5122869262788217,2.5170182717685323,1462706089
2013-09-16,2.644761562347412,2.654224027348891,2.5927178920377973,2.6163741673429755,950390253
2013-09-23,2.621105670928955,2.6684180028657063,2.606912084149427,2.649493070091006,1186484078
2013-09-30,2.6069118976593018,2.6163743633697374,2.554868223450416,2.5785242749250163,737525149
2013-10-07,2.611642837524414,2.630567767639572,2.5548680471789393,2.602180372466835,782827154
2013-10-14,2.559598922729492,2.6352988615715787,2.554867803453516,2.611642588382875,781458313
2013-10-21,2.4318556785583496,2.5927178037060106,2.412930749200149,2.5927178037060106,1234542666
2013-10-28,2.564330577850342,2.5974490935977945,2.436587183502958,2.436587183502958,1302384963
2013-11-04,2.46970534324646,2.583255136077768,2.4649742240800787,2.5785237913084513,785188972
2013-11-11,2.52174973487854,2.550137134871565,2.436587534899466,2.4649749348924908,1367825322
2013-11-18,2.6258373260498047,2.6636871960550668,2.5737936419910588,2.578524762940206,1777467438
2013-11-25,2.6352992057800293,2.663686601952516,2.5927179987198135,2.6447616711708584,855452336
2013-12-02,2.644761562347412,2.6731489573518488,2.5737929620348394,2.649492682046671,1108602140
2013-12-09,2.545405387878418,2.677879888575237,2.50755553053647,2.6731487692089657,1245097388
2013-12-16,2.455512285232544,2.521749546946642,2.4413184734923163,2.5122870809874853,1458402627
2013-12-23,2.4744367599487305,2.5028241525810575,2.4413180224095448,2.483899224159506,476808108
2013-12-30,2.3940062522888184,2.4933622621682527,2.389275131896128,2.4933622621682527,841748848
2014-01-06,2.3419625759124756,2.394006253884729,2.3183065227272652,2.379812667094202,1362917280
2014-01-13,2.3088438510894775,2.3703499899888674,2.299381385535954,2.3656186444106186,971816278
2014-01-20,2.2520689964294434,2.365618579979011,2.242606305530678,2.2851875121632497,1573718217
2014-01-27,2.2757248878479004,2.3088436268704555,2.1858313610177813,2.1952938256523753,1335283389
2014-02-03,2.2236814498901367,2.275725123572682,2.181100467425305,2.275725123572682,929381150
2014-02-10,2.2662627696990967,2.2851877018616915,2.1858316952065753,2.223681559531765,1147802890
2014-02-17,2.2142186164855957,2.3088434825184123,2.200025033222583,2.2899185544324365,1272211484
2014-02-24,2.2000250816345215,2.2378749386393655,2.1621752246296775,2.204756200958655,1255257397
2014-03-03,2.1669065952301025,2.209487802099776,2.133788079311885,2.1858315259270755,1005843711
2014-03-10,2.095938205718994,2.147981883236132,2.0722821527406534,2.138519416924197,1194361154
2014-03-17,2.095938205718994,2.1101320179883927,2.0486258741593204,2.095938205718994,1144877655
2014-03-24,2.2331440448760986,2.2473378569219733,2.1054006388751794,2.1479818494098155,1997005484
2014-03-31,2.2426061630249023,2.270993782711379,2.2047563042468714,2.252068853322364,1160359117
2014-04-07,2.2757248878479004,2.3514246049246523,2.2378750293095244,2.2473374939441184,1921000849
2014-04-14,2.2757248878479004,2.3088436268704555,2.2426061488253453,2.2757248878479004,750564407
2014-04-21,2.1905629634857178,2.2946500866944937,2.185831617811102,2.275725155201989,883342034
2014-04-28,2.185831308364868,2.21895004658965,2.1574439151448894,2.1763688439582087,778813732
2014-05-05,2.2094876766204834,2.2189501414315855,2.157444007357942,2.1905627469982787,554302357
2014-05-12,2.28045654296875,2.294650129048621,2.1858316581566832,2.1952941240775914,1139600755
2014-05-19,2.360887289047241,2.375081100120185,2.2568001683898906,2.2851875649328046,1389419258
2014-05-26,2.3845436573028564,2.4081999347995167,2.3324999821719934,2.379812537165314,1308068890
2014-06-02,2.4413187503814697,2.455512563731529,2.3845439481872517,2.3845439481872517,1192340480
2014-06-09,2.346693515777588,2.4838993675562695,2.2993811919923455,2.4507806281051217,1454001695
2014-06-16,2.4888811111450195,2.519171725638632,2.4787842396471484,2.5040265387560283,878465488
2014-06-23,2.473736047744751,2.514123535752271,2.423251687735352,2.4939297917485113,1095271661
2014-06-30,2.529268980026245,2.539365852091626,2.4434454471063,2.483832935367823,778812364
2014-07-07,2.5141239166259766,2.5393662208189327,2.4888816124330204,2.53431766368896,748654961
2014-07-14,2.509075164794922,2.544414339777094,2.473736230541185,2.529269151019331,733268366
2014-07-21,2.6251893043518066,2.6403347337375664,2.4989782754747307,2.5141237048604905,1522929191
2014-07-28,2.645383358001709,2.700916284583283,2.63528648414401,2.64033504143709,1608774008
2014-08-04,2.5948984622955322,2.6908188648488762,2.5646078468673834,2.6756736774990078,885146153
2014-08-11,2.65548038482666,2.675674131874673,2.615092650002181,2.635286397050194,733368727
2014-08-18,2.6352858543395996,2.665576709401975,2.5898500532028432,2.665576709401975,773619294
2014-08-25,2.5948984622955322,2.67062512123011,2.574704718676766,2.6302376339925786,979577750
2014-09-01,2.690819263458252,2.695867820475027,2.529269290576628,2.5797536571021356,1990381759
2014-09-08,2.6049957275390625,2.695867828276392,2.5948988542047426,2.6908192712450076,1029366111
2014-09-15,2.5848021507263184,2.6352865207154137,2.5242209067394046,2.5797538340916417,1121803474
2014-09-22,2.5141239166259766,2.5848020313464186,2.493930169562993,2.5545114107519433,1392379815
2014-09-29,2.4585907459259033,2.5040267926372484,2.3929609541713894,2.488881363490657,1227496338
2014-10-06,2.4686880111694336,2.519172381808472,2.43839738878601,2.458591137041626,1138214623
2014-10-13,2.4838333129882812,2.5090753766251077,2.433348944986173,2.4484941350225777,1283541658
2014-10-20,2.519172191619873,2.539366179079382,2.4737363818392155,2.5090753182543435,1134129730
2014-10-27,2.5898499488830566,2.604995135075789,2.478784126737181,2.50402642469626,1492586530
2014-11-03,2.5242207050323486,2.6201411207109913,2.5040269586503654,2.6201411207109913,1106808520
2014-11-10,2.5797536373138428,2.6049957000187502,2.5393661444032336,2.5696567640861905,1577799501
2014-11-17,2.5040266513824463,2.604995370902538,2.478784351138215,2.5999470552907415,1274928603
2014-11-24,2.65548038482666,2.675674131874673,2.5141239147621177,2.5494630924603667,2087692601
2014-12-01,2.7665460109710693,2.8271272524956985,2.5747051720812886,2.620141223588988,2937328272
2014-12-08,2.6706252098083496,2.8725628934222094,2.6352860369391875,2.8018847884123055,2524093590
2014-12-15,2.711012840270996,2.7413034582891243,2.615092429516041,2.6453830475341693,1682446396
2014-12-22,2.756448745727539,2.837223722949954,2.716061257116331,2.726158129269133,1001643857
2014-12-29,2.9129505157470703,2.9179990724152205,2.791788044452647,2.8372238508238397,1299018045
2015-01-05,2.8927571773529053,2.9785807269537603,2.85741799789124,2.8927571773529053,1863532016
2015-01-12,2.8675146102905273,2.917999216552028,2.837223990970693,2.8927569134212776,846473273
2015-01-19,2.948289632797241,2.9583865052083924,2.7160613266123392,2.81703005072385,1475042246
2015-01-26,2.8170299530029297,2.953337846189252,2.801884765275793,2.9482895305230126,1107194397
2015-02-02,2.8321757316589355,2.902853844824613,2.746352188164961,2.7816913651120236,1387746964
2015-02-09,2.852369546890259,2.862466420442517,2.766546001331834,2.7917883055767074,1098324073
2015-02-16,2.8675146102905273,2.8776114833971387,2.8422725478882205,2.872563167208055,273228059
2015-02-23,2.857417345046997,2.9028533881555667,2.8321752861087774,2.882659644713627,1149504124
2015-03-02,2.746352195739746,2.8978052957982094,2.726158449065284,2.8826601061565875,1356759312
2015-03-09,2.8018856048583984,2.822079355031233,2.7059651711731902,2.7160620462596072,1308461130
2015-03-16,2.872563123703003,2.8826599966566966,2.7968364561860777,2.8018850130271447,1218775002
2015-03-23,2.7766425609588623,2.887708157476709,2.771594004389292,2.8826598416355655,1297628061
2015-03-30,2.9533376693725586,2.9684830969213554,2.822078340439407,2.8321752118958035,1567614917
2015-04-06,3.165372133255005,3.2209050452709587,2.953337597128997,2.953337597128997,1940042327
2015-04-13,3.427891492843628,3.5843931382937106,3.1855663100467564,3.1906148667040646,3499985251
2015-04-20,3.4228434562683105,3.559151367670722,3.331971354847736,3.4834246967297267,2190678056
2015-04-27,3.402649164199829,3.5339087475142916,3.367310230790881,3.4076977208173527,1394147112
2015-05-04,3.301680564880371,3.4329401531939436,3.220905581751058,3.39760097771065,1566092616
2015-05-11,3.337019681930542,3.352164870637868,3.256244459487211,3.3319711252091437,1363507778
2015-05-18,3.4329395294189453,3.4430364004754783,3.2814862228425463,3.3319705781252145,1150311651
2015-05-25,3.407697916030884,3.533908949957954,3.3521649936990094,3.4329402191076754,1573892274
2015-06-01,3.3420677185058594,3.4733272935468844,3.326922531064765,3.372358334116462,1394923303
2015-06-08,3.3723583221435547,3.4278912375967074,3.2814864756343702,3.3319708348061394,1175412812
2015-06-15,3.200711965560913,3.3471167487747295,3.185566535246731,3.3319713184605475,1201404013
2015-06-22,3.3319711685180664,3.4480853266066984,3.215857010429435,3.215857010429435,1453409753
2015-06-29,3.135082244873047,3.175469739053625,3.0038226480577146,3.130033687736248,1750370017
2015-07-06,3.0049524307250977,3.3712805941601363,2.7925884981463307,3.3181896110154443,3461853327
2015-07-13,3.0208802223205566,3.079280437512929,2.9624800071281845,2.989025628531392,1406460146
2015-07-20,2.951862096786499,3.036807688500178,2.9200074998938694,3.0208805166327792,1104054524
2015-07-27,2.835061550140381,2.925316356516805,2.8191341271266235,2.9146979057357667,1464330839
2015-08-03,2.8616063594818115,2.8828427505862675,2.7660425995117603,2.8138246060756615,1193392736
2015-08-10,2.7872793674468994,2.914697731300164,2.7660429734713556,2.8456795774585384,1002526537
2015-08-17,2.6173880100250244,2.7872794180729414,2.580224446471704,2.771351995723097,1444327884
2015-08-24,2.399714946746826,2.5802245599114966,2.3944059745019954,2.537751769321645,2756288859
2015-08-31,2.336005926132202,2.458115334296048,2.309460303556567,2.4050243423025974,1479548541
2015-09-07,2.495278835296631,2.527133682797545,2.2829148730092843,2.2988420436019292,1964233143
2015-09-14,2.521824359893799,2.6067699415323564,2.4793515690745203,2.52713358532511,1688111116
2015-09-21,2.4050240516662598,2.537751642189264,2.3731692071618853,2.4687332343594326,1415207287
2015-09-28,2.415642261505127,2.4262604586765826,2.2882236422898714,2.4050240643336713,1010660742
2015-10-05,2.6439340114593506,2.7341888271105095,2.431569784013887,2.4687336060931364,1596461692
2015-10-12,2.675788164138794,2.6970245580480077,2.5961515604003496,2.665169967184187,1281895296
2015-10-19,2.728878974914551,2.739497171192126,2.6333152084163722,2.659860825689195,676709940
2015-10-26,2.6280064582824707,2.75542508978129,2.6067700618923033,2.7288794677146737,1188375381
2015-11-02,2.585533380508423,2.691715603913004,2.5589880145256174,2.6014608026243353,1295157150
2015-11-09,2.521824359893799,2.6386245346468153,2.511206162188979,2.5749153484178975,1319739896
2015-11-16,2.5908429622650146,2.6067701334157363,2.468733553092259,2.474042525756559,1007136289
2015-11-23,2.4899697303771973,2.5908427336771713,2.4846605050235047,2.580224536127585,970584751
2015-11-30,2.468733072280884,2.564296840046641,2.452805651074372,2.4581148758624667,1346466585
2015-12-07,2.399714946746826,2.4899697533291616,2.3890967490993633,2.4793515556816987,1027665483
2015-12-14,2.4846603870391846,2.516514978175327,2.3519327973930313,2.362550994438412,1527394209
2015-12-21,2.548370122909546,2.564297293776459,2.4634242833740165,2.4634242833740165,563536170
2015-12-28,2.4846603870391846,2.5536787944130532,2.4740421899938037,2.5536787944130532,538429265
2016-01-04,2.309459924697876,2.4846602961141744,2.2935327562915457,2.463423902800549,1085422591
2016-01-11,2.1501872539520264,2.2722966579347457,2.1501872539520264,2.2404418106715926,1317647988
2016-01-18,2.0811688899993896,2.1661144763151796,2.0280777719731127,2.1342598814467584,1803444361
2016-01-25,2.13956880569458,2.1448777775123484,2.0333865846036256,2.0917867935457615,1333607358
2016-02-01,2.1183323860168457,2.150187104486787,2.0015320891707837,2.1448778792593832,1351627950
2016-02-08,1.9802955389022827,2.118332219491072,1.9749864406711328,2.118332219491072,550874856
2016-02-15,2.0811688899993896,2.1395691071704035,2.006841375394165,2.006841375394165,1137627421
2016-02-22,2.0546231269836426,2.1289507630773645,2.022768534296819,2.097096043811641,1088143493
2016-02-29,2.1714234352111816,2.1820416321958764,2.028077522760022,2.0440048182370636,1224845300
2016-03-07,2.2032785415649414,2.2245149405020332,2.150187544222212,2.2032785415649414,1232654059
2016-03-14,2.298841714859009,2.3094599114549346,2.213896142091603,2.2298233104066036,1090078347
2016-03-21,2.245750665664673,2.3041508717992545,2.2245142730989644,2.2935326755164005,597089719
2016-03-28,2.2404415607452393,2.3360055855586936,2.2085869701933487,2.2457507857494456,928637635
2016-04-04,2.182041883468628,2.2404418470305947,2.1236416667488465,2.2404418470305947,936866074
2016-04-11,2.309459924697876,2.3413145146683143,2.155495946595203,2.155495946595203,1168562451
2016-04-18,2.2882237434387207,2.346623957042149,2.240441727476116,2.2829147711972095,965226598
2016-04-25,2.2351326942443848,2.2935329062542427,2.229823468989946,2.27760548364872,1000358828
2016-05-02,2.113023281097412,2.2351326762295916,2.113023281097412,2.2351326762295916,1089810358
2016-05-09,2.0546231269836426,2.1236415377173277,2.0493140282025055,2.1236415377173277,1244847404
2016-05-16,2.0546231269836426,2.081168747468229,2.028077633077956,2.0546231269836426,1101317526
2016-05-23,2.166114568710327,2.171423794660436,2.04400515659392,2.04400515659392,1159900698
2016-05-30,2.2245147228240967,2.2298236954599426,2.155496306453363,2.1661145048828745,1535028240
2016-06-06,2.2245147228240967,2.282914940765319,2.1926601275355626,2.219205497030431,1045327000
2016-06-13,2.182041883468628,2.2085872524082997,2.139569090638901,2.1926600816760593,1391792028
2016-06-20,2.2882237434387207,2.373169324565307,2.1873507392719995,2.203278162312135,2502624515
2016-06-27,2.2776055335998535,2.362551114271501,2.20858712272524,2.2563691384319413,1542698758
2016-07-04,2.344229221343994,2.4574771754692097,2.3215796845197065,2.451814656261249,1233123873
2016-07-11,2.457476854324341,2.491451155120986,2.372540967330857,2.378203215795094,1419044183
2016-07-18,2.4857892990112305,2.4971140689610203,2.434827969239084,2.451814989161862,997088579
2016-07-25,2.4857892990112305,2.5197636088605995,2.440490219212072,2.4971140689610203,1087115944
2016-08-01,2.536750555038452,2.548075323453651,2.474464193752972,2.5084384989985677,891865133
2016-08-08,2.712284803390503,2.7179473230236217,2.548075514083221,2.5594002833456617,1587500330
2016-08-15,2.78023362159729,2.80288316177294,2.700960230982515,2.700960230982515,2045035560
2016-08-22,2.7972209453582764,2.842520026254148,2.7519218644624046,2.7689088847964465,1907441659
2016-08-29,2.774571180343628,2.831195026880478,2.757583891380674,2.7745711803436284,2032580334
2016-09-05,2.865168809890747,2.8991431115886117,2.7915576878768324,2.797220206495018,1916786355
2016-09-12,2.7292723655700684,2.802883238144741,2.7009603045771624,2.802883238144741,1132506246
2016-09-19,2.763246536254883,2.8991437741016095,2.7462592465221367,2.757584016342697,1746220972
2016-09-26,2.7462592124938965,2.8538446594580615,2.7236096731334203,2.751921732335919,1454524086
2016-10-03,2.8311948776245117,2.853844415045205,2.7745710340727783,2.802882820846753,817415204
2016-10-10,2.672647714614868,2.8595067941780896,2.6386734101498566,2.831194738788694,1310206105
2016-10-17,2.672647714614868,2.717947057238655,2.6386734101498566,2.6613229464598644,856568538
2016-10-24,2.6216864585876465,2.729271893756886,2.6160239393664235,2.666985532342321,934110852
2016-10-31,2.6330113410949707,2.706622474137224,2.610361803236399,2.621686572165685,779363319
2016-11-07,2.6046993732452393,2.712284816771073,2.5254259880170764,2.6726479891550925,1313327769
2016-11-14,2.536750555038452,2.587712147908734,2.5084384989985677,2.5763873794935352,1207339234
2016-11-21,2.6443357467651367,2.6613227628236213,2.519763035652072,2.536750321714309,892204754
2016-11-28,2.6896350383758545,2.7462588799198544,2.6499982142931673,2.6499982142931673,1660581361
2016-12-05,2.7462592124938965,2.774571271696395,2.6726480745704455,2.6783105944124683,1110030055
2016-12-12,2.587712049484253,2.7745708562296802,2.576387281499796,2.7689083372355685,1457114048
2016-12-19,2.542412519454956,2.5990366251919568,2.5254255037368534,2.5707245723234564,1113038136
2016-12-26,2.6330113410949707,2.649998359487005,2.5197633817983225,2.5424129196568943,868706194
2017-01-02,2.6783101558685303,2.6896349236944617,2.6046990299980943,2.6330110845648047,797902908
2017-01-09,2.700960159301758,2.717947448984578,2.6386737904698294,2.6726480998316604,823178001
2017-01-16,2.666985511779785,2.723609353536556,2.6443359750770767,2.6896350484824936,874828235
2017-01-23,2.70662260055542,2.7349343891990987,2.661323252718691,2.6726480221769227,789522129
2017-01-30,2.661323070526123,2.7236094332842122,2.649998301843178,2.7066224152616867,544755064
2017-02-06,2.7519211769104004,2.7915577277894092,2.6613227677503395,2.6783100538440237,1318673946
2017-02-13,2.865168809890747,2.9444421805190983,2.763245904797153,2.763245904797153,2289265363
2017-02-20,2.910468101501465,2.944442405798707,2.859506780057486,2.8651690291051413,1331210038
2017-02-27,2.791557788848877,2.9331175193788077,2.7858955400296344,2.8991432164520754,1260243514
2017-03-06,2.78023362159729,2.853844762170061,2.774571371555286,2.80288316177294,872785528
2017-03-13,2.921793222427368,2.944442761360619,2.7972207582944892,2.8085455277611144,1334722817
2017-03-20,2.921793222427368,2.984079589495709,2.870831894829455,2.910468452960743,1380240445
2017-03-27,2.8764936923980713,2.9557670662032813,2.870831443556722,2.8991432277709883,1035010810
2017-04-03,2.8368570804595947,2.9048056851403175,2.8028825081154793,2.88781839896826,961995872
2017-04-10,2.842519998550415,2.87083205883631,2.802883168150925,2.848182518609121,712404311
2017-04-17,2.8085453510284424,2.8595069454233095,2.7632462760124654,2.8425196572904254,821507019
2017-04-24,2.8764936923980713,2.9104679954574473,2.8142073351206696,2.825532102807128,1329053177
2017-05-01,2.8085453510284424,2.9161307891932813,2.7915580628955587,2.8764939635524085,680869563
2017-05-08,2.8764936923980713,2.9104679954574473,2.802882567434211,2.80854508627932,1247012871
2017-05-15,2.870831251144409,2.927455085781591,2.859506484216973,2.887818266533693,1438445914
2017-05-22,2.9387803077697754,2.955767325789445,2.8425196389790384,2.8708316956835316,1266800108
2017-05-29,3.057690382003784,3.057690382003784,2.9274554127886896,2.9444424300754832,1551343876
2017-06-05,2.9557673931121826,3.0746776019733875,2.9331178552342183,3.057690583566809,1651699178
2017-06-12,2.9387803077697754,2.955767325789445,2.9048060017266537,2.938780307769776,1372489146
2017-06-19,2.9444422721862793,2.9784168449455986,2.8878184342603426,2.9501047909807516,1235027944
2017-06-26,2.984078884124756,2.9897414025214744,2.9387798169659627,2.9670915989383393,1276817537
2017-07-03,2.763246536254883,2.859507214731553,2.763246536254883,2.831195155178246,1333770307
2017-07-10,3.143693447113037,3.173519874539315,2.8812218528778253,2.917013395121823,2105399991
2017-07-17,3.1973812580108643,3.221242288825086,3.1198327656416818,3.161589711789532,1474301762
2017-07-24,3.2331721782684326,3.2808942306575672,3.1735196127820147,3.1973806389765818,1550932806
2017-07-31,3.358442783355713,3.388268924545103,3.233172250800997,3.2451027641659285,1612415730
2017-08-07,3.1615891456604004,3.3942342966634804,3.149658632389624,3.364407871263602,2069666368
2017-08-14,3.2689640522003174,3.3823040804499334,3.173519937651546,3.191415566906491,1986394056
2017-08-21,3.5552968978881836,3.555296897888183,3.2510683374753553,3.2570337372227045,1931725830
2017-08-28,3.459852695465088,3.62091478702784,3.4538872958591775,3.5552968135923755,2158857532
2017-09-04,3.47178316116333,3.4837136757606237,3.3763387599390753,3.459852646566036,1043422821
2017-09-11,3.418095827102661,3.52547046236888,3.352477852217014,3.507574832047468,1415301483
2017-09-18,3.4837141036987305,3.5314361679500657,3.424061238938622,3.453887671318676,1265981331
2017-09-25,3.459852695465088,3.4837137249969095,3.388269322423713,3.459852695465088,1347471024
2017-10-02,3.805838108062744,3.8654906850261566,3.459852877229026,3.459852877229026,1937262131
2017-10-09,3.7998719215393066,3.8475939732311875,3.7163583310785158,3.7760108956933665,1492170650
2017-10-16,3.7581160068511963,3.8535601289859063,3.650741085003726,3.8058380679185513,1216548396
2017-10-23,3.811802864074707,3.8177682634314603,3.638810264971432,3.746185177825808,1590584680
2017-10-30,3.7282893657684326,3.8595250262872836,3.668636792805319,3.835663997102038,1488839726
2017-11-06,3.698463201522827,3.7521506632515087,3.6388106242942513,3.7103937169685426,1257450904
2017-11-13,3.692497968673706,3.7342549136296177,3.5970538481412406,3.6805674536071478,1565785593
2017-11-20,3.7163589000701904,3.8356640475660595,3.6388104119749207,3.6746019562236816,1738515821
2017-11-27,3.6268796920776367,3.710393290600954,3.620914577263203,3.698462776526194,1139315007
2017-12-04,3.519505500793457,3.6447760562982663,3.483713954141501,3.6209150251969624,1229695785
2017-12-11,3.6626710891723633,3.734254455230397,3.4956438987440084,3.5075744123460337,2125369486
2017-12-18,3.746185064315796,3.746185064315796,3.668636581703122,3.686532210339346,1364979063
2017-12-25,3.752150535583496,3.776011565663048,3.7103935907213224,3.746185420286566,639648173
2018-01-01,3.913212299346924,3.972864869492508,3.7521502177309003,3.7521502177309003,1519328957
2018-01-08,3.9609344005584717,3.9728649147234174,3.847594373768544,3.949003886393527,1449204831
2018-01-15,4.2890238761901855,4.294988990923743,3.943038688267192,3.9847953447397604,2483133659
2018-01-22,4.378503799438477,4.420260464748533,4.211476284860404,4.265163751054418,2900022913
2018-01-29,4.408329486846924,4.557461068933925,4.265163304577443,4.438155917042692,2352275025
2018-02-05,3.8953166007995605,4.485877461338573,3.787941692013641,4.247266900581502,3348103834
2018-02-12,4.1697187423706055,4.175684141964592,3.823733530404885,3.937073562677433,1619068344
2018-02-19,4.1935811042785645,4.25919880953485,4.044449490511767,4.169719784385576,1200974527
2018-02-26,3.978830575942993,4.26516321919597,3.937073631394006,4.2353367895972776,1683301695
2018-03-05,4.104100704193115,4.133926846286676,3.8595247461289692,3.9967257962078224,1547620725
2018-03-12,4.127962112426758,4.312885234470095,4.098135683135999,4.175684171735243,1531303644
2018-03-19,3.966900110244751,4.187614781788492,3.901282134980479,4.0981357763273785,1239694200
2018-03-26,4.014622688293457,4.098136304750846,3.9251436712947054,3.9669006217463774,1083658985
2018-04-02,3.954969644546509,4.098135827515796,3.901282183710065,4.0146222207837114,647821862
2018-04-09,4.068309307098389,4.133926992695698,3.937073367011983,4.014621851204323,1191143285
2018-04-16,4.038483142852783,4.127962147029202,3.9132125938949787,4.068309572393561,1427573638
2018-04-23,4.0444488525390625,4.12796246343013,4.002691904870562,4.038483452395305,915595008
2018-04-30,3.9907610416412354,4.175684163311523,3.9609346124106466,4.080240044887093,892224109
2018-05-07,4.08620548248291,4.127962429811336,3.9669003250387402,3.9847959564323996,862509147
2018-05-14,4.026552677154541,4.175684257789895,4.014622162081549,4.145857827884457,1094319160
2018-05-21,3.9490039348602295,4.086204991663937,3.9370734205488596,4.05637884810846,932613387
2018-05-28,3.8833861351013184,3.978830246808398,3.799872252911734,3.9490038196769905,1870729066
2018-06-04,3.9311089515686035,4.020587681383909,3.8953174027532924,3.925143551209746,1126977701
2018-06-11,3.7760114669799805,3.9430389576176292,3.776011466979981,3.90128201384674,1405497952
2018-06-18,3.5970535278320312,3.7760112378946378,3.579157614602825,3.7760112378946378,1453744359
2018-06-25,3.5016090869903564,3.6089839961134627,3.3763385493106566,3.5791575692579585,2022895607
2018-07-02,3.29879093170166,3.5075751030748425,3.2391380674985184,3.5016097028761535,1581138567
2018-07-09,3.523881673812866,3.5992587482366387,3.4170973352849203,3.542725792657875,1571755276
2018-07-16,3.4924745559692383,3.5552887872862984,3.3480016741790593,3.536444667652121,1519725112
2018-07-23,3.655791997909546,3.718606231649182,3.5050375374125258,3.517600384160453,1665157928
2018-07-30,3.586695909500122,3.6871986755946544,3.530162953811013,3.6306660194274145,1314731189
2018-08-06,3.6306662559509277,3.6746360692208104,3.586696143159157,3.586696143159157,1127866249
2018-08-13,3.530163049697876,3.6181032719411075,3.454785973079572,3.5301630496978755,1386924566
2018-08-20,3.5992591381073,3.6432292527115977,3.511319208420605,3.5238820555187043,1192542958
2018-08-27,3.6306662559509277,3.7500131487022275,3.5804145701080943,3.662073222640574,1065452457
2018-09-03,3.5427262783050537,3.649510631471308,3.505037735926713,3.605540515602289,1242663432
2018-09-10,3.4485044479370117,3.5427259447732875,3.3417204043459066,3.517600252219865,1395215071
2018-09-17,3.6055400371551514,3.643228874054177,3.3668459670998305,3.4485043149894,1287002360
2018-09-24,3.5929770469665527,3.668354418213434,3.5301628205290334,3.5490072382212183,844266535
2018-10-01,3.354283571243286,3.5929776733164815,3.3291578762882126,3.5929776733164815,904679054
2018-10-08,3.3103129863739014,3.417097324566909,3.209810220790773,3.3856900605612474,1359826666
2018-10-15,3.285187005996704,3.3354383843679067,3.2035283663825793,3.278905433939383,853900516
2018-10-22,3.3040318489074707,3.404534618615966,3.2537801645313427,3.2977502760397495,1438203680
2018-10-29,3.4924745559692383,3.498756128861885,3.272624596598587,3.37940893959853,1702842032
2018-11-05,3.354283571243286,3.479912046018652,3.3291578762882126,3.4359419300863188,1408811629
2018-11-12,3.410815477371216,3.4170970494754007,3.266342613715243,3.360564098625111,805458102
2018-11-19,3.404534339904785,3.4359413031066284,3.3480013868108696,3.42337845792152,643072037
2018-11-26,3.4924745559692383,3.549007513915533,3.404534632125354,3.4233787517595315,965220988
2018-12-03,3.4359419345855713,3.618103672531252,3.4359419345855713,3.5678519830333926,1186579036
2018-12-10,3.4547863006591797,3.542726231718916,3.3668463695994433,3.3982533380741105,751500827
2018-12-17,3.442223310470581,3.511319117481577,3.3794090766068994,3.4987562707088413,862307038
2018-12-24,3.4296605587005615,3.523882061866997,3.3794091702176363,3.3794091702176363,545629443
2018-12-31,3.467349052429199,3.5176004402217838,3.385690397505301,3.467349052429199,646336343
2019-01-07,3.586695909500122,3.5992587552619386,3.454785879240114,3.5238816806910394,992447553
2019-01-14,3.61810302734375,3.630665872597505,3.505037120538097,3.5678513468068727,1037425161
2019-01-21,3.7500131130218506,3.7625759594825547,3.6118218019541057,3.6118218019541057,1154813837
2019-01-28,3.7814204692840576,3.8316718563275307,3.6871989688165994,3.762576049381809,1086562697
2019-02-04,3.7311689853668213,3.7688575246709037,3.6557919067586555,3.7500131052579198,305894617
2019-02-11,3.655791997909546,3.7877020385237286,3.6432291511616186,3.731169078397109,970351370
2019-02-18,3.7500131130218506,3.7688575324738496,3.6871988807183302,3.7060433001703292,1017721957
2019-02-25,3.7877018451690674,3.888204614022018,3.756294580141581,3.7688574262482,1739542763
2019-03-04,3.6934802532196045,3.850515975215113,3.6934802532196045,3.756294482113434,1441147230
2019-03-11,3.7500131130218506,3.812827644847257,3.674636034257626,3.7311689930917376,927900152
2019-03-18,3.74373197555542,3.8128277833603605,3.712324708501748,3.7562948224725097,808407969
2019-03-25,3.611821174621582,3.6997610845723417,3.6055396027213247,3.6934798121939183,1394069466
2019-04-01,3.7311689853668213,3.762575951692614,3.649510333780366,3.66207318021506,871257397
2019-04-08,3.6871986389160156,3.768857285316453,3.636947256368628,3.7311687484059126,1348281838
2019-04-15,3.76885724067688,3.819108622629073,3.655791631284444,3.699761440731682,977878159
2019-04-22,3.6871986389160156,3.768857285316453,3.668354520221678,3.768857285316453,644854842
2019-04-29,3.712324619293213,3.731169038976957,3.6557919592857595,3.6871989260628135,610665882
2019-05-06,3.467349052429199,3.6620733298864128,3.442223358532907,3.6495104829382665,1592664833
2019-05-13,3.467349052429199,3.5113191665086596,3.3731275505571547,3.467349052429199,1520029284
2019-05-20,3.530163049697876,3.5678515880070276,3.454785973079572,3.4673488191826225,1489159157
2019-05-27,3.5176002979278564,3.5427259908077646,3.4359416463072128,3.5050374514879024,1993589185
2019-06-03,3.498755931854248,3.5490073140783456,3.467348668203255,3.5176000504273524,926487809
2019-06-10,3.6055400371551514,3.6369473013970497,3.467348733438913,3.486193151888426,1726446925
2019-06-17,3.7248876094818115,3.7688577240907546,3.5992591384875467,3.618103558897637,1584099997
2019-06-24,3.5804147720336914,3.7625762074814673,3.4422234518574806,3.7186063917318073,1231407755
2019-07-01,3.6608166694641113,3.805929979650424,3.641028333539877,3.7597574055104963,593875909
2019-07-08,3.6410281658172607,3.6740086193301096,3.5948555938042555,3.6278360473171043,514037849
2019-07-15,3.6806046962738037,3.693796815401042,3.5750677432558944,3.608047883811526,586270218
2019-07-22,3.6410281658172607,3.693796639817887,3.6278360473171043,3.667412402817574,611794733
2019-07-29,3.4035704135894775,3.6278367884314124,3.3771861711992472,3.6278367884314124,1309176891
2019-08-05,3.2848403453826904,3.390377283539601,3.2452639935738494,3.3771851662699874,1295501629
2019-08-12,3.271648645401001,3.3244171212099003,3.212283952853527,3.284840764353226,1131707666
2019-08-19,3.265052318572998,3.3178211071275907,3.22547596305074,3.2980327721040044,1290036656
2019-08-26,3.265052318572998,3.3178211071275907,3.1727074890210623,3.1990917260359013,1193513758
2019-09-02,3.416761875152588,3.4233580917391846,3.232072214076728,3.232072214076728,1024899513
2019-09-09,3.594855785369873,3.5948557853698726,3.3969739973226383,3.403569899661747,906582014
2019-09-16,3.4827229976654053,3.575067833897366,3.4431463247553413,3.5486835949739484,927976847
2019-09-23,3.42335844039917,3.489319040358461,3.410166320407312,3.482723137625007,628751133
2019-09-30,3.4035704135894775,3.482723455285147,3.3771861711992472,3.3969745102544096,570220247
2019-10-07,3.5420870780944824,3.5750675312189766,3.3771854415218354,3.403569678211466,733414595
2019-10-14,3.5750672817230225,3.62783575141969,3.5157025960518267,3.5157025960518267,826626330
2019-10-21,3.667412519454956,3.706988876214101,3.5618755680972356,3.5882598059366657,769116080
2019-10-28,3.7663540840148926,3.7729499871148917,3.6608171182151654,3.720181504215028,875325295
2019-11-04,3.8652944564819336,3.891678693220384,3.7663534114502886,3.7663534114502886,963417583
2019-11-11,3.700392723083496,3.852102237634867,3.660816369008126,3.8455060213598533,999462765
2019-11-18,3.7333731651306152,3.832314215644574,3.713585143742781,3.739969381943179,960971613
2019-11-25,3.6806046962738037,3.8323142234995125,3.667412577146565,3.7465652919099965,975999521
2019-12-02,3.6608166694641113,3.7135851458954976,3.601451976216337,3.6937968099712633,805699011
2019-12-09,3.825718402862549,3.8323143053044997,3.6344325141719147,3.654220536022705,836800330
2019-12-16,3.9444477558135986,3.9444477558135986,3.779546094307219,3.792738214646731,1122661514
2019-12-23,3.957639455795288,3.9708315747336087,3.9048709800420056,3.9180630989803262,330472840
2019-12-30,3.957639455795288,4.030196267218514,3.931255217918647,3.957639455795288,730707243
2020-01-06,3.911466598510742,3.957639168707967,3.792737536678468,3.9180628147638754,812451013
2020-01-13,3.885082483291626,3.977427626556049,3.825718107792968,3.9312550549238376,777771250
2020-01-20,3.706989049911499,3.8982749404728616,3.6806048108357894,3.871890701397152,725730478
2020-01-27,3.4431464672088623,3.706989181883955,3.429954347201355,3.706989181883955,716619529
2020-02-03,3.601452350616455,3.647624929556396,3.4233585668837714,3.4299544698609274,1349547303
2020-02-10,3.6410281658172607,3.693796639817887,3.509106980815696,3.555279238303786,1002092991
2020-02-17,3.6410281658172607,3.7003928563304225,3.614643928816948,3.63443226382964,968762064
2020-02-24,3.5157034397125244,3.6344328395463203,3.4827232955003313,3.6146445013990327,1388826287
2020-03-02,3.535491466522217,3.634432519495914,3.515703130117503,3.515703130117503,1362886590
2020-03-09,3.4629344940185547,3.5618755424669266,3.232072257322302,3.4299540396941235,2466707224
2020-03-16,3.3903777599334717,3.4695307891981098,3.172707637136809,3.337609283440333,2166115279
2020-03-23,3.4431464672088623,3.50251116450512,3.2320725470887486,3.2452646670962557,1653956110
2020-03-30,3.3969740867614746,3.51570316271583,3.357397728110023,3.377185750173279,1203288799
2020-04-06,3.4365506172180176,3.4827231952155087,3.3837821363780023,3.4563386402705456,895521946
2020-04-13,3.3903777599334717,3.4761266914972877,3.3508014025636177,3.4365503341274333,854644707
2020-04-20,3.3376095294952393,3.4035701299744034,3.311225289303574,3.4035701299744034,621058224
2020-04-27,3.4761266708374023,3.50251090892716,3.3508013826485863,3.3573975994334897,557062870
2020-05-04,3.3705894947052,3.3903775146963304,3.3178210220289786,3.3376090420201083,939370649
2020-05-11,3.311225414276123,3.4431466202134327,3.298033293682392,3.40357025843224,878078347
2020-05-18,3.2584567070007324,3.4233583603032494,3.232072467634325,3.3046292831544166,1145393129
2020-05-25,3.2980329990386963,3.363993596114483,3.225476184992863,3.2980329990386963,1470662399
2020-06-01,3.449742317199707,3.4761265544057345,3.331013249772584,3.3969738427876526,1420503690
2020-06-08,3.377185583114624,3.4959149677207533,3.350801345318801,3.4629345132135123,1057679695
2020-06-15,3.416761875152588,3.429953993800863,3.317821142552979,3.363993400559485,1254314394
2020-06-22,3.1397273540496826,3.2452643022446583,3.133131137525039,3.225475967195643,973574480
2020-06-29,3.435920000076294,3.4568705449775674,3.2822811167867227,3.3241828725950837,974000106
2020-07-06,3.4848055839538574,3.6943130765014596,3.4568712960145747,3.4568712960145747,1563264801
2020-07-13,3.3940186500549316,3.512739517051118,3.3591006304667896,3.512739517051118,912468305
2020-07-20,3.2683143615722656,3.42893666778432,3.2473638141984456,3.359100954866676,883390183
2020-07-27,3.1984784603118896,3.3311664735435396,3.1984784603118896,3.3171993317824673,772658993
2020-08-03,3.184511423110962,3.2683142764289754,3.156577138671624,3.191495160722265,945652514
2020-08-10,3.2752981185913086,3.3241832844220855,3.1565772394329557,3.1705443820984707,785315987
2020-08-17,3.2194292545318604,3.3521172642634247,3.2054621131392174,3.2822812242972934,784167879
2020-08-24,3.1426098346710205,3.2613307039279484,3.1426098346710205,3.2543469666761666,739201313
2020-08-31,2.975004196166992,3.191495060258503,2.912151891655515,3.149593634918494,1838549190
2020-09-07,3.0029385089874268,3.093724764940598,2.9470696083201045,2.9680204876957164,1046576035
2020-09-14,2.9680206775665283,3.0099221059953485,2.9331026540410354,2.9889715582824143,796707674
2020-09-21,2.786447525024414,2.9959548239319664,2.779463953944211,2.988971419353232,1086243145
2020-09-28,2.8073983192443848,2.8772340320608234,2.765496891554522,2.8143820570275015,637482822
2020-10-05,2.8004150390625,2.8632670168922814,2.77248058619157,2.8283493254319496,651224842
2020-10-12,3.0867414474487305,3.107691994411665,2.8004148636003983,2.8073982682537295,1631773197
2020-10-19,3.3311665058135986,3.3521173851596284,3.1286427818146763,3.1426099237110527,1934200373
2020-10-26,3.044840097427368,3.3311666885078197,3.02388921693231,3.3311666885078197,1300227301
2020-11-02,3.2683143615722656,3.289265241949032,3.058807222819333,3.058807222819333,1412503579
2020-11-09,3.247363567352295,3.4149692656142068,3.2264126885680953,3.3171992749614247,1515084263
2020-11-16,3.184511423110962,3.2962485608683134,3.1635608762829275,3.2683142764289754,1430176619
2020-11-23,3.4010019302368164,3.4219528078268255,3.156576801035522,3.1914948193512367,1328295727
2020-11-30,3.4848055839538574,3.659395050075866,3.387035576166367,3.449887890531244,2434716240
2020-12-07,3.3381502628326416,3.4778216826152075,3.2962485038949403,3.463854540636951,1097097873
2020-12-14,3.2124457359313965,3.3800517770511163,3.1914951889182697,3.3591008970350487,1154427523
2020-12-21,3.170544147491455,3.2054621680729296,3.10070843933143,3.1775278848089195,529119517
2020-12-28,3.498772382736206,3.498772382736206,3.170544063567835,3.170544063567835,1438592629
2021-01-04,3.4638545513153076,3.49877257287006,3.3171993935900392,3.456870813803184,1340826522
2021-01-11,3.6035263538360596,3.6314606408423105,3.435920631798554,3.4568711805517576,1605655752
2021-01-18,3.5197229385375977,3.6384438061196973,3.5127395343872534,3.6105095235124876,1501350260
2021-01-25,3.4568705558776855,3.6314599846190414,3.442903414898493,3.519722856785504,1191344224
2021-02-01,3.4010019302368164,3.512739389045361,3.366084244924004,3.435919948552531,1165132292
2021-02-08,3.491788864135742,3.491788864135742,3.345133705201806,3.4010022737475083,659222075
2021-02-15,3.505756378173828,3.6174935271186603,3.491789234555724,3.491789234555724,1111207406
2021-02-22,3.5336904525756836,3.736214189341663,3.4987727621350033,3.519723309798821,1958932948
2021-03-01,3.8200173377990723,3.8549353639099557,3.470838408702145,3.5476578663443026,1986776773
2021-03-08,3.827000617980957,4.015557203795589,3.7571649071242295,3.875885782082134,2110130064
2021-03-15,3.771131992340088,3.931754291386147,3.7571648503796884,3.8270005601816854,971435816
2021-03-22,3.7990658283233643,3.8968358105183674,3.715262986441933,3.757164407382649,890589072
2021-03-29,3.882869005203247,3.9317541670198115,3.8060495603494804,3.8060495603494804,815408362
2021-04-05,3.840967893600464,3.896836464226908,3.8060498704574623,3.882869321570297,435297606
2021-04-12,3.7990658283233643,3.9038195471765995,3.7501806707244167,3.833983512605848,1009274871
2021-04-19,3.7850985527038574,3.8409671119610116,3.701295713818127,3.8200162357381386,931054961
2021-04-26,3.5336904525756836,3.799066498339019,3.519723309798821,3.785099355562157,1475698808
2021-05-03,3.5267064571380615,3.554640738014162,3.4359198777892876,3.5267064571380615,1569647131
2021-05-10,3.4848055839538574,3.5616250422883753,3.449887890531244,3.5546416368050444,1136384980
2021-05-17,3.4638545513153076,3.49877257287006,3.421953125251364,3.4638545513153076,926829119
2021-05-24,3.561624526977539,3.5825754064022295,3.442903653911132,3.442903653911132,1640169843
2021-05-31,3.5197229385375977,3.5895586450556225,3.477821514626783,3.5895586450556225,1164498185
2021-06-07,3.5197229385375977,3.5336900798412025,3.477821514626783,3.5197229385375977,896470015
2021-06-14,3.5267064571380615,3.554640738014162,3.463854158665388,3.5197227204175885,1023393669
2021-06-21,3.505756378173828,3.519723521791932,3.4848054962451864,3.4987729728662615,1052086754
2021-06-28,3.177528142929077,3.4568709982610373,3.1635610001624794,3.3032324278284593,1119695942
2021-07-05,3.356511116027832,3.460935806717013,3.356511116027832,3.3863467419390263,976930627
2021-07-12,3.3415937423706055,3.4087240873303566,3.2744633974108543,3.3938062724136078,1089058760
2021-07-19,3.296839952468872,3.3415933925338086,3.259545241247062,3.3192164946669775,576699957
2021-07-26,3.2222511768341064,3.378888409048395,3.207333362131258,3.296840250348349,1708145209
2021-08-02,3.19987416267395,3.274463233524524,3.1849563485038352,3.2147919768440647,857046405
2021-08-09,3.259545087814331,3.3266754225861517,3.192415108711219,3.192415108711219,1043076663
2021-08-16,3.2446274757385254,3.304298730038375,3.2222509332104474,3.281922187510297,1077300502
2021-08-23,3.237168312072754,3.3042982863109733,3.207332688929393,3.267003935216114,842369983
2021-08-30,3.2893807888031006,3.3042986017991054,3.1998739108270735,3.214791723823078,1212367337
2021-09-06,3.334134340286255,3.349052153785593,3.2744630862889026,3.2744630862889026,946784542
2021-09-13,3.237168312072754,3.3714286162178757,3.199873605309212,3.2968395583594745,1242618763
2021-09-20,3.1252849102020264,3.22225087450711,3.095449283595651,3.1998739767179663,1035762715
2021-09-27,3.2297093868255615,3.244627199128756,3.095449076096811,3.1252847007032,732696721
2021-10-04,3.259545087814331,3.274462900467101,3.1476613150841994,3.1774972960584487,855051495
2021-10-11,3.2446274757385254,3.296840001085259,3.2147918485886007,3.2670043739353343,567008622
2021-10-18,3.2446274757385254,3.281922187510297,3.1924153060605227,3.2446274757385254,860613239
2021-10-25,3.177497386932373,3.2670042654088207,3.1700383025583094,3.2446273679553492,1027854750
2021-11-01,3.1252849102020264,3.2446274166275297,3.1178258257160705,3.1700383501115903,1008953621
2021-11-08,3.1849560737609863,3.19987388664425,3.110367009344665,3.1476613637184685,945771558
2021-11-15,3.177497386932373,3.207333013091189,3.1402026763994932,3.1849561156377173,662837514
2021-11-22,3.1252849102020264,3.2147917900211542,3.1178258257160705,3.1700383501115903,517220654
2021-11-29,3.252086639404297,3.259545368538702,3.043236888609874,3.147661586172716,1376799375
2021-12-06,3.237168312072754,3.3042982863109733,3.192414877357713,3.237168312072754,1276499963
2021-12-13,3.19987416267395,3.267004504273839,3.1700385343337207,3.259545419354409,885017634
2021-12-20,3.2670044898986816,3.2670044898986816,3.1774976052718324,3.1774976052718324,764342863
2021-12-27,3.2819221019744873,3.3192164571055356,3.2595452043608812,3.2670042887883235,419049621
2022-01-03,3.408724069595337,3.4161827991805236,3.2744633803743706,3.319216824891772,888365979
2022-01-10,3.513148307800293,3.5355248492585956,3.4161823463644128,3.4311001592261854,1127645245
2022-01-17,3.5056891441345215,3.5206069566584204,3.446017894038927,3.4982304157069253,825652978
2022-01-24,3.490771770477295,3.5429842987095546,3.4683952267125773,3.5056895848766905,775795008
2022-01-31,3.5653610229492188,3.572819751948036,3.513148497282565,3.5206072262813826,158406204
2022-02-07,3.677244186401367,3.677244186401367,3.535524788803475,3.550442957078871,1196112908
2022-02-14,3.572819471359253,3.6847032429046664,3.4907713248034553,3.67724415882291,1182936795
2022-02-21,3.416182279586792,3.6101141986676804,3.4087235511360614,3.5728194894079075,1077294576
2022-02-28,3.4460179805755615,3.5056892321696242,3.3788880003665978,3.4311001676770454,911060140
2022-03-07,3.416182279586792,3.438559176276397,3.30429850747618,3.401264467016624,1231275268
2022-03-14,3.453477144241333,3.4833127707241704,3.237168674406398,3.446018059786262,2082034608
2022-03-21,3.4982306957244873,3.520607238467124,3.393805999698472,3.446018169877113,827954235
2022-03-28,3.610114574432373,3.610114574432373,3.4683951624303284,3.4982307906761543,927574350
2022-04-04,3.5653610229492188,3.632491006613507,3.550443209282851,3.610114463948322,635967114
2022-04-11,3.5429840087890625,3.58027871957012,3.5206071111866835,3.58027871957012,738814331
2022-04-18,3.5206072330474854,3.542984131424409,3.4758537919623724,3.542984131424409,683215620
2022-04-25,3.53552508354187,3.580278880761534,3.423641657498921,3.513148540600775,1007225682
2022-05-02,3.416182279586792,3.5728194894079075,3.401264467016624,3.5355247801481346,590301453
2022-05-09,3.408724069595337,3.4161827991805236,3.319216824891772,3.4161827991805236,620669983
2022-05-16,3.4683949947357178,3.4833128081373643,3.371429029790652,3.408723741129132,819622133
2022-05-23,3.5056891441345215,3.5056891441345215,3.4311000815150288,3.4534769781352295,716800634
2022-05-30,3.4683949947357178,3.528066248342304,3.438559367932425,3.505689350405471,724239384
2022-06-06,3.393805980682373,3.5056894051061196,3.3714290823963844,3.468395048854448,938075984
2022-06-13,3.356511116027832,3.3863467419390263,3.3192164058044806,3.356511116027832,1049512779
2022-06-20,3.3788881301879883,3.4385593840747,3.3192165206325477,3.326675605202751,748309612
2022-06-27,3.475853681564331,3.5056893080067844,3.3639702602394914,3.393805886681945,1024750970
2022-07-04,3.192415475845337,3.2968401764237765,3.140202947721742,3.2147920195634847,799069638
2022-07-11,3.228834629058838,3.4542891882464084,3.2207824885428287,3.4462374316775914,938779256
2022-07-18,3.29325008392334,3.3576656696518943,3.2368862544372665,3.269094047301544,611104942
2022-07-25,3.3415615558624268,3.381821102350437,3.2851977300426305,3.2851977300426305,584969565
2022-08-01,3.3013014793395996,3.35766530266521,3.2288341452891114,3.3415614079931975,568627436
2022-08-08,3.3174054622650146,3.357665391989653,3.2529898818633085,3.3013015671645882,500149930
2022-08-15,3.2610421180725098,3.325457700384049,3.244938222494625,3.309353804806164,472040552
2022-08-22,3.2529900074005127,3.2690939031224096,3.180522476651975,3.244938251513144,565153856
2022-08-29,3.1724705696105957,3.2449382932651414,3.156366673681493,3.2127303094333532,744608725
2022-09-05,3.1563665866851807,3.1805224299130477,3.1000027605132474,3.148314638942558,679053619
2022-09-12,3.1161067485809326,3.180522524409341,3.075847008671667,3.1563666804637815,615675545
2022-09-19,3.0758469104766846,3.1563665796982465,3.0597430150270877,3.132210736523851,650962053
2022-09-26,2.9631197452545166,3.0758470173173174,2.858444229222618,3.0758470173173174,1013458734
2022-10-03,3.0194833278656006,3.091950858623886,2.8987039179615444,2.9631196928313783,448086851
2022-10-10,2.9067559242248535,3.0033794924841333,2.8987039762010456,2.9550678043412852,709658496
2022-10-17,2.9953274726867676,3.0275352640102415,2.922859942208951,2.9470157857015566,675397049
2022-10-24,2.8987040519714355,2.9792237262878354,2.8826001555028733,2.9792237262878354,1018925349
2022-10-31,2.8101325035095215,2.9309119139306405,2.7054569888814073,2.9309119139306405,1048704980
2022-11-07,3.0033795833587646,3.011431531626204,2.810132632966628,2.810132632966628,798215066
2022-11-14,2.9550678730010986,3.075847096164475,2.938963976579315,3.0597431997426914,944778879
2022-11-21,3.1000027656555176,3.124158800897032,2.906755827538448,2.938963810535941,1269232389
2022-11-28,3.0758469104766846,3.1644185274230447,2.9711715900543036,3.0597430150270877,1779060120
2022-12-05,3.1322107315063477,3.1402626792182478,3.0597430101256706,3.100002748685171,1287623618
2022-12-12,3.0919511318206787,3.140263015235162,3.0355874918063113,3.10000308039416,884715763
2022-12-19,3.1000027656555176,3.1322107486530104,3.019483288095729,3.091950817899539,585948558
2022-12-26,3.2368860244750977,3.2771459546687955,3.1000027225531044,3.1000027225531044,654404726
2023-01-02,3.32545804977417,3.3657176009751844,3.1483149878322765,3.236886422816424,834273407
2023-01-09,3.3818211555480957,3.414028946824008,3.3174055729962704,3.349613364272183,1366360681
2023-01-16,3.39792537689209,3.430133555202455,3.333509788165748,3.3898736202748943,1181695113
2023-01-23,3.462341070175171,3.462341070175171,3.397925102699622,3.397925102699622,276862116
2023-01-30,3.2851977348327637,3.454288828591552,3.261042083694167,3.4301331774529547,1432969950
2023-02-06,3.2529900074005127,3.3093538344007327,3.2127302680957697,3.2529900074005127,1086962557
2023-02-13,3.2207822799682617,3.2771461080886866,3.19662643590533,3.2288344199628227,1088019957
2023-02-20,3.2127304077148438,3.277146185375398,3.1966265112931023,3.2127304077148438,856812942
2023-02-27,3.3013014793395996,3.333509268683624,3.1483144799554825,3.212730058643532,1062497886
2023-03-06,3.2690939903259277,3.438185091889956,3.252990094174457,3.2690939903259277,1286898980
2023-03-13,3.422081232070923,3.44623726852818,3.261042268846455,3.261042268846455,1489641788
2023-03-20,3.39792537689209,3.446237452384041,3.341561928730138,3.39792537689209,801458163
2023-03-27,3.3657169342041016,3.462340682628556,3.349613040124546,3.405976861376551,959208696
2023-04-03,3.3415615558624268,3.38987324201633,3.3013016254272647,3.3737693466316956,654752318
2023-04-10,3.422081232070923,3.4301333722057334,3.333509610323879,3.341561750458689,687455069
2023-04-17,3.43013334274292,3.502600683597892,3.3979251664275014,3.4220812026772722,994343691
2023-04-24,3.39792537689209,3.462341349565626,3.341561928730138,3.430133555202455,979376514
2023-05-01,3.599224328994751,3.6153282263792863,3.3174059327917904,3.397925419714465,1177482818
2023-05-08,3.486496686935425,3.8085749852830064,3.462341035328973,3.591172201089142,2210072451
2023-05-15,3.558964490890503,3.6233800752410183,3.4381850782597017,3.4864967665225883,1163562880
2023-05-22,3.405977487564087,3.623380289581063,3.397925347070366,3.591172495500562,862114516
2023-05-29,3.3818211555480957,3.462341017685035,3.325457712788827,3.397925051186052,1280702042
2023-06-05,3.4945485591888428,3.526756348162711,3.3657170193462407,3.373769158563273,690131936
2023-06-12,3.3898732662200928,3.510652674440794,3.30935378872201,3.486496639217792,1555503407
2023-06-19,3.32545804977417,3.38987363885355,3.317405909165649,3.373769741583705,848847333
2023-06-26,3.3657169342041016,3.397924722363213,3.2851974638063233,3.3415612850583285,1078731489
2023-07-03,2.9067559242248535,3.4381850697169316,2.8987039762010456,3.381821241576692,1747353699
2023-07-10,3.2036476135253906,3.2211538675317306,3.1161161348026805,3.168634896821701,1308372999
2023-07-17,3.2036476135253906,3.2211538675317306,3.0986098807963405,3.2036476135253906,679118722
2023-07-24,3.273672580718994,3.291178834464202,3.1336223420663236,3.17738818512035,1049113982
2023-07-31,3.1861412525177,3.3787100401203336,3.1773881258084895,3.282425646319017,1307284279
2023-08-07,3.1248691082000732,3.203647456047192,3.089856601908464,3.186141202901388,1090888028
2023-08-14,2.984819173812866,3.0898566958822666,2.941053330926277,3.0811035690431496,1373488705
2023-08-21,3.0285849571228027,3.089856848013381,2.9323003484608785,2.976066193502307,1244595021
2023-08-28,3.1511285305023193,3.1773881192668902,3.072350390281612,3.1248691504287502,1745202473
2023-09-04,3.2999320030212402,3.3261913839707584,3.1598817625994684,3.1598817625994684,1545695083
2023-09-11,3.3261914253234863,3.37871018787546,3.229907027311535,3.256166408587522,1426211050
2023-09-18,3.334944486618042,3.369956994295238,3.2561663443443507,3.2999319789408457,1316250809
2023-09-25,3.2999320030212402,3.3524507649202766,3.221153860172686,3.3261913839707584,1113955507
2023-10-02,3.2036476135253906,3.2999320105602616,3.0986098807963405,3.2999320105602616,751810734
2023-10-09,3.3699567317962646,3.4574882028620975,3.21240045952155,3.2299067119965184,1332002067
2023-10-16,3.2911787033081055,3.4487351894272322,3.2824255767843207,3.36995684202217,952004169
2023-10-23,3.3699567317962646,3.4137225716746764,3.2474129644714864,3.2911785956589075,768130544
2023-10-30,3.334944486618042,3.378710121214537,3.2211538366671544,3.369956994295238,994423196
2023-11-06,3.221153736114502,3.3699568890974945,3.2124006094684434,3.3699568890974945,732843200
2023-11-13,3.28242564201355,3.3962164977750335,3.1861412483385263,3.2299068818271732,817179191
2023-11-20,3.3174381256103516,3.4049696006666648,3.291178745700758,3.3086849989738205,571295506
2023-11-27,3.2299067974090576,3.3436974415054626,3.2211536709401036,3.3436974415054626,897439121
2023-12-04,3.1773881912231445,3.2824257138961377,3.1423754749744734,3.273672587006722,973403912
2023-12-11,3.2386600971221924,3.29117885874528,3.0811036035619215,3.1423754921221905,1413240656
2023-12-18,3.221153736114502,3.2649193693447938,3.1686347675471507,3.22990686276056,695432828
2023-12-25,3.3436973094940186,3.3524504356173934,3.2211535437667704,3.2211535437667704,558958368
2024-01-01,3.28242564201355,3.361203782293114,3.247413135222632,3.343697528897655,780781308
2024-01-08,3.2299067974090576,3.3086849356296457,3.194894291533241,3.282425556222783,899514745
2024-01-15,3.1423754692077637,3.247413200379004,3.0898567079676464,3.238660073505651,1152665481
2024-01-22,3.3436973094940186,3.378709813987518,3.0723501909784097,3.1511283260887835,1653205684
2024-01-29,3.3174381256103516,3.4049696006666648,3.291178745700758,3.3436975055199456,1135037474
2024-02-05,3.3524506092071533,3.457488336817489,3.2911787231708733,3.2999318497474848,922009723
2024-02-12,3.4399821758270264,3.4487353026381484,3.2824256845358253,3.3524506990248013,287399719
2024-02-19,3.623797655105591,3.65881016057467,3.4137226222911163,3.4487351277601954,1283381492
2024-02-26,3.5450198650360107,3.641304050147919,3.474994642670165,3.632551132129566,1090667126
2024-03-04,3.5450198650360107,3.5887852898917862,3.457488389251454,3.536266529635653,1183586759
2024-03-11,3.483747720718384,3.606291492937664,3.4487352143700183,3.5450198155190233,1428357235
2024-03-18,3.4662415981292725,3.501254105796678,3.4049697097113123,3.4925009788798267,1135450939
2024-03-25,3.448735237121582,3.55377275685962,3.387463141916726,3.466241490411255,921810141
2024-04-01,3.474994659423828,3.5625261356303923,3.4399821524176035,3.44873527916916,636987419
2024-04-08,3.4925010204315186,3.571279163620437,3.448735385326564,3.4662416393685462,1028784498
2024-04-15,3.597538471221924,3.6325509765598802,3.4574882411791044,3.4574882411791044,1415744302
2024-04-22,3.6325509548187256,3.6938226301024395,3.5800321971261204,3.650057207382927,1244647546
2024-04-29,3.746342182159424,3.781354690811024,3.597538811699111,3.632551320350711,1173417287
2024-05-06,3.9651706218719482,4.00893604956882,3.7113293047491505,3.7463422312414925,1983656294
2024-05-13,4.1227264404296875,4.148985610562268,3.9038980748755936,3.965170167488254,2015416658
2024-05-20,4.07896089553833,4.201505089631509,4.061454641722449,4.148985910801853,2263438058
2024-05-27,3.8688857555389404,4.157739145158291,3.8688857555389404,4.0964670496036995,2093167271
2024-06-03,3.8688857555389404,3.956417022486925,3.7988607419805533,3.912651180321931,2040819352
2024-06-10,3.798860549926758,3.8601322250017165,3.728835539908529,3.8513793074404292,1093415579
2024-06-17,3.9564168453216553,4.043948108350057,3.7375884790596565,3.7813543192648504,2101738503
2024-06-24,4.0614542961120605,4.096466800764425,3.895144690322341,3.947663864682866,2016669170
2024-07-01,4.113973140716553,4.271529832390064,4.035195212261785,4.061454382619378,2129664516
2024-07-08,3.9214046001434326,3.9389108539099738,3.7550949806702807,3.8076137419699054,1909778364
2024-07-15,4.0062432289123535,4.279610377984949,3.977963667168671,4.21362503357528,1248241378
2024-07-22,4.062802314758301,4.194772567467101,3.940258283927342,4.025096528270072,1456461732
2024-07-29,4.07222843170166,4.175919105682868,4.0062430895867704,4.091081322379004,1117560189
2024-08-05,4.138213157653809,4.166492717274997,3.911978478637709,4.053375377766947,1597193682
2024-08-12,4.355021953582764,4.373874844960198,4.138213477998078,4.138213477998078,1505550022
2024-08-19,4.449286460876465,4.458713131416171,4.326742890279024,4.364448673461066,1314472865
2024-08-26,4.23247766494751,4.524698136893165,4.194771884597429,4.4587127965363464,2027836413
2024-09-02,3.959110736846924,4.166492988955965,3.9496845160174474,4.157066318638108,1901288063
2024-09-09,3.977963924407959,3.9873905954282343,3.827140783990873,3.930831917771827,1890524526
2024-09-16,4.138213157653809,4.157066047571817,3.9496842584737255,3.959110478688554,1169457719
2024-09-23,4.439859867095947,4.600109656910744,4.138213177474662,4.147639847222993,3708376889
2024-09-30,4.552977561950684,4.647242019338075,4.27018418978851,4.439860213085814,2800933772
2024-10-07,4.402154445648193,4.6283891441753955,4.232477972264401,4.590683361087529,2697354536
2024-10-14,4.5152716636657715,4.609536118645441,4.411580538443946,4.43043342943988,2411452573
2024-10-21,4.468139171600342,4.5341245142420705,4.402154278446987,4.496418732586332,1320543412
2024-10-28,4.477566242218018,4.49641913473203,4.3173164311047,4.449286678702792,1716324863
2024-11-04,4.590683460235596,4.684947919991156,4.421007432675586,4.496419000480035,2265653455
2024-11-11,4.336169242858887,4.5435515061390115,4.326743021521647,4.505845721813245,1642756006
2024-11-18,4.317316055297852,4.543551195261465,4.2984631644249145,4.392727618789598,1220861225
2024-11-25,4.298463344573975,4.383301581801956,4.260757561247848,4.355022019563164,1507174835
2024-12-02,4.477566242218018,4.49641913473203,4.270184424563874,4.307890209591901,1375296779
2024-12-09,4.505845546722412,4.600110003873846,4.430433531512878,4.458713093402502,1219825831
2024-12-16,4.562404155731201,4.647241941209379,4.5058454822496214,4.515271703085695,1671185690
2024-12-23,4.864050388336182,4.901756170455967,4.590683243223544,4.600109913497679,1206342553
2024-12-30,4.609536170959473,4.920609100666966,4.5152717149099875,4.892329988596312,1720681622
2025-01-06,4.73144006729126,4.877172403635555,4.702293877984596,4.7800176671628005,1657574055
2025-01-13,4.780017375946045,4.867456865079543,4.61485410236957,4.712008832923291,1184620558
2025-01-20,5.10062837600708,5.120059322718199,4.799448470349576,4.828594658781099,1610584366
2025-01-27,5.139490127563477,5.2074986708103035,5.071481584316649,5.1006282352139465,359171628
2025-02-03,5.226929664611816,5.275506798856204,5.003473549930782,5.013188791471538,1404029764
2025-02-10,5.537825107574463,5.557256054983589,5.197783296279598,5.226929949028451,2100352792
2025-02-17,5.430954933166504,5.605833453560139,5.333799736344171,5.460101121596954,1801294843
2025-02-24,5.343515396118164,5.489247726848175,5.324084449572183,5.39209299411827,1533222996
2025-03-03,5.450386047363281,5.50867888928579,5.285222763614344,5.343515605536853,1431474771
2025-03-10,5.489247798919678,5.566971586124082,5.333799761240554,5.4309549585163746,1203812045
2025-03-17,5.411523818969727,5.566971387841864,5.411523818969727,5.460100952607121,1316965498
2025-03-24,5.333799839019775,5.518394067957207,5.314368891935326,5.440670279619408,947887031
2025-03-31,5.304653644561768,5.430955032115695,5.207498909239638,5.304653644561768,1026916904
2025-04-07,5.081197261810303,5.129774858622049,4.721724527868327,5.071481557139835,3121205965
2025-04-14,5.19778299331665,5.207498698090079,5.100628261933875,5.139490154486985,873062290
2025-04-21,5.314368724822998,5.333799671296434,5.168636857907381,5.197783045982382,822284342
2025-04-28,5.178352355957031,5.440670377974375,5.0034738290355785,5.343515640795791,1364302103
2025-05-05,5.304653644561768,5.362946485755045,5.120059415814562,5.120059415814562,747744592
2025-05-12,5.430954933166504,5.518393961728165,5.236645002792152,5.392093039745696,1545496862
2025-05-19,5.528109550476074,5.547540496777894,5.362946275275459,5.382377221577278,1007692013
2025-05-26,5.547540664672852,5.615549210422632,5.47953211892307,5.537824959592747,1503838232
2025-06-02,5.712703704833984,5.800142730529301,5.3726619169136915,5.489247593354313,1569133115
2025-06-09,5.926444053649902,6.0430297289497,5.70298794435681,5.770996486583505,1454584502
2025-06-16,6.023599147796631,6.062461041916326,5.839005382363238,5.907013465437545,1282363379
2025-06-23,6.140185356140137,6.2956329342066155,5.975022072809341,5.975022072809341,1264960078
2025-06-30,5.955590724945068,6.217908726922455,5.848720290577898,6.149900184457838,1194165301
2025-07-07,6.210000038146973,6.400000095367432,6.070000171661377,6.130000114440918,1172283893
2025-07-14,6.190000057220459,6.289999961853027,6.130000114440918,6.210000038146973,1108732541
2025-07-21,6.090000152587891,6.25,6.050000190734863,6.21999979019165,1248133361
2025-07-28,5.980000019073486,6.170000076293945,5.940000057220459,6.090000152587891,1051476927
2025-08-04,6.159999847412109,6.21999979019165,5.96999979019165,5.96999979019165,962890769
2025-08-11,5.960000038146973,6.21999979019165,5.960000038146973,6.159999847412109,927135278
2025-08-18,5.960000038146973,5.989999771118164,5.849999904632568,5.96999979019165,959241383
2025-08-25,5.769999980926514,6.019999980926514,5.739999771118164,5.989999771118164,1194068687
2025-09-01,5.769999980926514,5.840000152587891,5.659999847412109,5.769999980926514,1119532543
2025-09-08,6.0,6.059999942779541,5.710000038146973,5.760000228881836,1131096805
